,name,handedness,height,weight,avg,HR,weight_height
0,Tom Brown,R,73,170,0.0,0,0.819047619048
1,Denny Lemaster,R,73,182,0.13,4,0.933333333333
2,Joe Nolan,L,71,175,0.263,27,0.733333333333
3,Denny Doyle,L,69,175,0.25,16,0.6
4,Jose Cardenal,R,70,150,0.275,138,0.428571428571
5,Mike Ryan,R,74,205,0.193,28,1.21904761905
6,Fritz Peterson,B,72,185,0.159,2,0.895238095238
7,Dick Bertell,R,72,200,0.25,10,1.0380952381
8,Rod Kanehl,R,73,180,0.241,6,0.914285714286
9,Ozzie Osborn,R,74,195,0.0,0,1.12380952381
10,John LaRose,L,73,185,0.0,0,0.961904761905
11,Jeff Byrd,R,75,195,0.0,0,1.19047619048
12,Juan Bonilla,R,69,170,0.256,7,0.552380952381
13,Frank Tepedino,L,71,185,0.241,6,0.828571428571
14,Jerry Kutzler,L,73,175,0.0,0,0.866666666667
15,Rick Wise,R,73,180,0.195,15,0.914285714286
16,Darrell Evans,L,74,200,0.248,414,1.17142857143
17,Buck Martinez,R,70,190,0.225,58,0.809523809524
18,John Wockenfuss,R,72,190,0.262,86,0.942857142857
19,Tommy McCraw,L,72,183,0.246,75,0.87619047619
20,Jeff Barkley,B,75,185,0.0,0,1.09523809524
21,Eric Wilkins,R,73,190,0.0,0,1.00952380952
22,Britt Burns,L,77,215,0.0,0,1.51428571429
23,Lee Lacy,R,73,175,0.286,91,0.866666666667
24,Pete Rose,B,71,192,0.303,160,0.895238095238
25,Danny Walton,R,72,195,0.223,28,0.990476190476
26,Bobby Cox,R,71,180,0.225,9,0.780952380952
27,Brad Wellman,R,72,170,0.231,6,0.752380952381
28,Jeff Newman,R,74,215,0.224,63,1.31428571429
29,Pedro Gonzalez,R,72,176,0.244,8,0.809523809524
30,Nardi Contreras,B,74,193,0.0,0,1.10476190476
31,Tommie Reynolds,R,74,190,0.226,12,1.07619047619
32,Gene Clines,R,69,170,0.277,5,0.552380952381
33,Jim Hickman,R,75,192,0.252,159,1.1619047619
34,Jack Billingham,R,76,195,0.111,0,1.25714285714
35,Jerry Buchek,R,71,185,0.22,22,0.828571428571
36,Ivan DeJesus,R,71,175,0.254,21,0.733333333333
37,Gary Nolan,R,74,197,0.138,1,1.14285714286
38,Gil Patterson,R,73,185,0.0,0,0.961904761905
39,Fred Whitfield,L,73,190,0.253,108,1.00952380952
40,Larry Dierker,R,76,215,0.136,4,1.44761904762
41,Dave Skaggs,R,74,200,0.241,3,1.17142857143
42,Dick Ruthven,R,75,190,0.183,1,1.14285714286
43,Jerry Garvin,L,75,195,0.0,0,1.19047619048
44,Steve Eddy,R,74,185,0.0,0,1.02857142857
45,Dave Kingman,R,78,210,0.236,442,1.53333333333
46,Eric Soderholm,R,71,187,0.264,102,0.847619047619
47,Kevin Mmahat,L,77,220,0.0,0,1.5619047619
48,Ed Brinkman,R,72,170,0.224,60,0.752380952381
49,Wayne Garrett,L,71,175,0.239,61,0.733333333333
50,Tony Muser,L,74,180,0.259,7,0.980952380952
51,Jim Siwy,R,76,200,0.0,0,1.30476190476
52,Bud Anderson,R,75,210,0.0,0,1.33333333333
53,Ted Ford,R,70,180,0.219,17,0.714285714286
54,Kevin Stanfield,L,72,190,0.0,0,0.942857142857
55,Jim Lyttle,L,72,180,0.248,9,0.847619047619
56,John Butcher,R,76,185,0.0,0,1.1619047619
57,Jerry Ujdur,R,73,195,0.0,0,1.05714285714
58,Scot Thompson,L,75,195,0.262,5,1.19047619048
59,Gene Locklear,L,70,165,0.274,9,0.571428571429
60,Bo Diaz,R,71,185,0.255,87,0.828571428571
61,Bump Wills,B,69,172,0.266,36,0.571428571429
62,Brian Denman,R,76,205,0.0,0,1.35238095238
63,Pat Putnam,L,72,205,0.255,63,1.08571428571
64,Kurt Bevacqua,R,72,180,0.236,27,0.847619047619
65,Bob Fallon,L,75,200,0.0,0,1.2380952381
66,Syd O'Brien,R,73,185,0.23,24,0.961904761905
67,Chris Chambliss,L,73,195,0.279,185,1.05714285714
68,Tom Satriano,L,73,185,0.225,21,0.961904761905
69,Jeffrey Leonard,R,74,200,0.266,144,1.17142857143
70,Dal Maxvill,R,71,157,0.217,6,0.561904761905
71,Steve Curry,R,78,217,0.0,0,1.6
72,Cesar Tovar,R,69,155,0.278,46,0.409523809524
73,Mickey Lolich,B,73,170,0.11,0,0.819047619048
74,Ray Chadwick,B,74,180,0.0,0,0.980952380952
75,Jack Heidemann,R,72,175,0.211,9,0.8
76,Rich Rollins,R,70,185,0.269,77,0.761904761905
77,Walt Bond,L,79,228,0.256,41,1.77142857143
78,Merv Rettenmund,R,70,190,0.271,66,0.809523809524
79,Bryan Clutterbuck,R,76,223,0.0,0,1.52380952381
80,Byron Browne,R,74,190,0.236,30,1.07619047619
81,Hector Torres,R,72,175,0.216,18,0.8
82,Walt Williams,R,66,165,0.27,33,0.304761904762
83,Jerry Koosman,R,74,205,0.119,2,1.21904761905
84,Steve Lombardozzi,R,72,175,0.233,20,0.8
85,Joe Azcue,R,72,190,0.252,50,0.942857142857
86,Elliott Maddox,R,71,180,0.261,18,0.780952380952
87,Omar Moreno,L,74,180,0.252,37,0.980952380952
88,Julian Javier,R,73,175,0.257,78,0.866666666667
89,Tony Ferreira,L,73,160,0.0,0,0.72380952381
90,Elio Chacon,R,69,160,0.232,4,0.457142857143
91,Rusty Torres,B,70,175,0.212,35,0.666666666667
92,John Stearns,R,72,185,0.26,46,0.895238095238
93,Larry Brown,R,70,160,0.233,47,0.52380952381
94,Tommy Dean,R,72,165,0.18,4,0.704761904762
95,Bryan Oelkers,L,75,192,0.0,0,1.1619047619
96,Kevin Bearse,L,74,195,0.0,0,1.12380952381
97,Marty Martinez,B,72,170,0.243,0,0.752380952381
98,Bruce Boisclair,L,74,185,0.263,10,1.02857142857
99,Ken Singleton,B,76,210,0.282,246,1.4
100,Frank White,R,71,165,0.255,160,0.638095238095
101,Jim Fairey,L,70,190,0.235,7,0.809523809524
102,Jose Roman,R,72,175,0.0,0,0.8
103,Tom Brookens,R,70,165,0.246,71,0.571428571429
104,Gary Thomasson,L,73,180,0.249,61,0.914285714286
105,Mike Trujillo,R,73,180,0.0,0,0.914285714286
106,Albert Williams,R,76,190,0.0,0,1.20952380952
107,Oswaldo Peraza,R,76,172,0.0,0,1.0380952381
108,Otto Velez,R,72,170,0.251,78,0.752380952381
109,Tony Scott,B,72,164,0.249,17,0.695238095238
110,Ray Oyler,R,71,165,0.175,15,0.638095238095
111,Barry Cort,R,77,210,0.0,0,1.46666666667
112,Floyd Robinson,L,69,175,0.283,67,0.6
113,Steve Jeltz,B,71,180,0.21,5,0.780952380952
114,Lou Brock,L,71,170,0.293,149,0.685714285714
115,Bill Wilkinson,R,70,160,0.0,0,0.52380952381
116,Joe Lovitto,B,72,185,0.216,4,0.895238095238
117,Mike Loynd,R,76,210,0.0,0,1.4
118,Wayne Comer,R,70,175,0.229,16,0.666666666667
119,Dave Collins,B,71,175,0.272,32,0.733333333333
120,Ed Spiezio,R,71,180,0.238,39,0.780952380952
121,Rico Petrocelli,R,72,175,0.251,210,0.8
122,Johnny Lewis,L,73,189,0.227,22,1.0
123,Dick Simpson,R,76,176,0.207,15,1.07619047619
124,Ken Boswell,L,72,170,0.248,31,0.752380952381
125,Ken McMullen,R,75,190,0.248,156,1.14285714286
126,Randy Scarbery,B,73,185,0.0,0,0.961904761905
127,Steve Swisher,R,74,205,0.216,20,1.21904761905
128,Ben Callahan,R,79,230,0.0,0,1.79047619048
129,Dick Howser,R,68,155,0.248,16,0.342857142857
130,Manny Castillo,B,69,160,0.242,3,0.457142857143
131,Mike Ramsey,B,73,170,0.24,2,0.819047619048
132,Willie Crawford,L,73,197,0.268,86,1.07619047619
133,Bobby Cuellar,R,71,188,0.0,0,0.857142857143
134,Willie Norwood,R,72,185,0.242,18,0.895238095238
135,Mike Jones,L,78,215,0.0,0,1.58095238095
136,Jeff Stone,L,72,175,0.277,11,0.8
137,Ramon Manon,R,72,150,0.0,0,0.561904761905
138,Joe Lahoud,L,73,198,0.223,65,1.08571428571
139,Tim Flannery,L,71,175,0.255,9,0.733333333333
140,Dave McKay,B,73,195,0.229,21,1.05714285714
141,John Trautwein,R,75,205,0.0,0,1.28571428571
142,Andy Replogle,R,77,205,0.0,0,1.41904761905
143,Zach Crouch,L,75,180,0.0,0,1.04761904762
144,Benny Ayala,R,73,185,0.251,38,0.961904761905
145,Ron Romanick,R,76,195,0.0,0,1.25714285714
146,Greg Gross,L,70,160,0.287,7,0.52380952381
147,Bruce Tanner,L,75,220,0.0,0,1.42857142857
148,Sal Butera,R,72,190,0.227,8,0.942857142857
149,Jack Brohamer,L,70,165,0.245,30,0.571428571429
150,Von Joshua,L,70,170,0.273,30,0.619047619048
151,Eddie Milner,L,71,173,0.253,42,0.714285714286
152,Johnny Jeter,R,73,180,0.244,18,0.914285714286
153,Angel Salazar,R,72,180,0.212,2,0.847619047619
154,Tony Oliva,L,73,175,0.304,220,0.866666666667
155,Cito Gaston,R,75,190,0.256,91,1.14285714286
156,Cookie Rojas,R,70,160,0.263,54,0.52380952381
157,Rich Morales,R,71,170,0.195,6,0.685714285714
158,Dave Ford,R,76,190,0.0,0,1.20952380952
159,Dan Ford,R,73,185,0.27,121,0.961904761905
160,Barry Raziano,B,70,175,0.0,0,0.666666666667
161,Darryl Motley,R,69,196,0.243,44,0.8
162,Ozzie Virgil,R,73,180,0.243,98,0.914285714286
163,Johnny Oates,L,71,188,0.25,14,0.857142857143
164,Pat Underwood,L,72,175,0.0,0,0.8
165,Mike Phillips,L,72,170,0.24,11,0.752380952381
166,Ron Santo,R,72,190,0.277,342,0.942857142857
167,Jay Johnstone,L,73,175,0.267,102,0.866666666667
168,Jim Ray Hart,R,71,185,0.278,170,0.828571428571
169,Marc Hill,R,75,205,0.223,34,1.28571428571
170,Joel McKeon,L,72,185,0.0,0,0.895238095238
171,Danny Fife,R,75,175,0.0,0,1.0
172,Chico Salmon,R,70,160,0.249,31,0.52380952381
173,Joe Niekro,R,73,185,0.156,1,0.961904761905
174,Andy Etchebarren,R,73,190,0.235,49,1.00952380952
175,Ken Berry,R,72,175,0.255,58,0.8
176,Dave Concepcion,R,74,155,0.267,101,0.742857142857
177,Junior Moore,R,71,185,0.264,7,0.828571428571
178,Mike Richardt,R,72,170,0.226,4,0.752380952381
179,Chris Brown,R,72,185,0.269,38,0.895238095238
180,Al Bumbry,L,68,170,0.281,54,0.485714285714
181,Al Downing,R,71,175,0.127,2,0.733333333333
182,Bob Didier,B,72,190,0.229,0,0.942857142857
183,Jake Gibbs,L,72,180,0.233,25,0.847619047619
184,Garry Hancock,L,72,175,0.247,12,0.8
185,Ed Kranepool,L,75,205,0.261,118,1.28571428571
186,Rick Rhoden,R,75,195,0.238,9,1.19047619048
187,Denny McLain,R,73,185,0.133,1,0.961904761905
188,Chuck Hiller,L,71,170,0.243,20,0.685714285714
189,Jorge Orta,L,70,170,0.278,130,0.619047619048
190,Dave Cash,R,71,170,0.283,21,0.685714285714
191,Bucky Dent,R,69,170,0.247,40,0.552380952381
192,Andy Beene,R,75,205,0.0,0,1.28571428571
193,Bruce Robbins,L,73,190,0.0,0,1.00952380952
194,Tony Gonzalez,L,69,170,0.286,103,0.552380952381
195,Leon Hooten,R,71,180,0.0,0,0.780952380952
196,Larry Haney,R,74,195,0.215,12,1.12380952381
197,Billy Conigliaro,R,72,180,0.256,40,0.847619047619
198,Gary Roenicke,R,75,205,0.247,121,1.28571428571
199,Don Lock,R,74,195,0.238,122,1.12380952381
200,Billy Cowan,R,72,170,0.236,40,0.752380952381
201,Billy Smith,B,74,185,0.23,17,1.02857142857
202,Allan Ramirez,R,70,180,0.0,0,0.714285714286
203,Tony Perez,R,74,175,0.279,379,0.933333333333
204,Chuck Schilling,R,70,160,0.239,23,0.52380952381
205,Hal McRae,R,71,180,0.29,191,0.780952380952
206,Dave Roberts,R,75,215,0.239,49,1.38095238095
207,Brian Allard,R,73,175,0.0,0,0.866666666667
208,Jim Lefebvre,B,72,180,0.251,74,0.847619047619
209,Fernando Arroyo,R,74,180,0.0,0,0.980952380952
210,Gary Beare,R,76,205,0.0,0,1.35238095238
211,Charlie Spikes,R,75,215,0.246,65,1.38095238095
212,Brian Dubois,L,70,165,0.0,0,0.571428571429
213,Steve Whitaker,L,72,180,0.23,24,0.847619047619
214,Manny Jimenez,L,73,185,0.272,26,0.961904761905
215,Chris Batton,R,76,195,0.0,0,1.25714285714
216,Duffy Dyer,R,72,187,0.221,30,0.914285714286
217,Ken Henderson,B,74,180,0.257,122,0.980952380952
218,Vance Lovelace,L,77,205,0.0,0,1.41904761905
219,Greg Thayer,R,71,182,0.0,0,0.8
220,Vern Fuller,R,73,170,0.232,14,0.819047619048
221,Paul Hartzell,R,77,200,0.0,0,1.37142857143
222,Wayne Gross,L,74,210,0.233,121,1.26666666667
223,Mike Champion,R,72,185,0.229,2,0.895238095238
224,Ralph Botting,L,72,195,0.0,0,0.990476190476
225,Paul Casanova,R,76,180,0.225,50,1.11428571429
226,Steve Rogers,R,74,175,0.138,0,0.933333333333
227,Keith Creel,R,74,180,0.0,0,0.980952380952
228,Terry Crowley,L,72,180,0.25,42,0.847619047619
229,Horace Clarke,B,69,170,0.256,27,0.552380952381
230,Lou Clinton,R,73,185,0.247,65,0.961904761905
231,Larry Cox,R,70,178,0.221,12,0.695238095238
232,Nate Colbert,R,74,190,0.243,173,1.07619047619
233,Phil Roof,R,74,190,0.215,43,1.07619047619
234,Chuck Hinton,R,73,180,0.264,113,0.914285714286
235,Tim Cullen,R,73,185,0.22,9,0.961904761905
236,Tim Harkness,L,74,182,0.235,14,1.0
237,Rick Bosetti,R,71,185,0.25,17,0.828571428571
238,Ron Pruitt,R,72,185,0.269,12,0.895238095238
239,George Foster,R,73,180,0.274,348,0.914285714286
240,Jerry White,B,70,164,0.253,21,0.561904761905
241,Angel Mangual,R,70,178,0.245,22,0.695238095238
242,Ken Gerhart,R,72,190,0.221,24,0.942857142857
243,Mike Hershberger,R,70,175,0.252,26,0.666666666667
244,Jim French,L,68,180,0.196,5,0.580952380952
245,Dave Roberts,L,75,195,0.194,7,1.19047619048
246,Jim Mason,L,74,185,0.203,12,1.02857142857
247,Mike Smith,R,75,180,0.0,0,1.04761904762
248,Willie Smith,L,72,182,0.248,46,0.866666666667
249,T.R. Bryden,R,76,190,0.0,0,1.20952380952
250,Jose Arcia,R,75,170,0.215,1,0.952380952381
251,Leon Durham,L,73,185,0.277,147,0.961904761905
252,Tom Makowski,R,71,185,0.0,0,0.828571428571
253,Paul Householder,B,72,180,0.236,29,0.847619047619
254,Aurelio Rodriguez,R,70,180,0.237,124,0.714285714286
255,Jimmy Stewart,B,72,165,0.237,8,0.704761904762
256,Dick Phillips,L,72,180,0.229,12,0.847619047619
257,Andres Thomas,R,73,170,0.234,42,0.819047619048
258,Ed Crosby,L,74,175,0.22,0,0.933333333333
259,Mike de la Hoz,R,71,175,0.251,25,0.733333333333
260,Frank Taveras,R,72,155,0.255,2,0.609523809524
261,Joe Nossek,R,72,178,0.228,3,0.828571428571
262,Larry Stahl,L,72,175,0.232,36,0.8
263,Jose Cruz,L,72,170,0.284,165,0.752380952381
264,Don Mason,L,71,160,0.205,3,0.590476190476
265,Bill Robinson,R,74,189,0.258,166,1.06666666667
266,Jim Umbarger,L,78,200,0.0,0,1.4380952381
267,Sal Bando,R,72,195,0.254,242,0.990476190476
268,George Mitterwald,R,74,195,0.236,76,1.12380952381
269,Mike Darr,R,76,190,0.0,0,1.20952380952
270,Craig Robinson,R,70,165,0.219,0,0.571428571429
271,Bob Tillman,R,76,205,0.232,79,1.35238095238
272,Curt Wardle,L,77,220,0.0,0,1.5619047619
273,Pat Corrales,R,72,180,0.216,4,0.847619047619
274,Mike Tyson,R,69,170,0.241,27,0.552380952381
275,Rafael Landestoy,B,70,165,0.237,4,0.571428571429
276,Duane Josephson,R,72,190,0.258,23,0.942857142857
277,Duane Walker,L,72,185,0.229,24,0.895238095238
278,Glenn Hubbard,R,69,150,0.244,70,0.361904761905
279,Roger Freed,R,72,190,0.245,22,0.942857142857
280,George Hendrick,R,75,195,0.278,267,1.19047619048
281,Rod Carew,L,72,170,0.328,92,0.752380952381
282,Bob Davis,R,72,180,0.197,6,0.847619047619
283,Toby Harrah,R,72,175,0.264,195,0.8
284,Rick Manning,L,73,180,0.257,56,0.914285714286
285,Israel Sanchez,L,69,170,0.0,0,0.552380952381
286,Steve Burke,B,74,200,0.0,0,1.17142857143
287,Gary Matthews,R,74,185,0.281,234,1.02857142857
288,Cesar Geronimo,L,72,165,0.258,51,0.704761904762
289,Billy Bryan,L,76,200,0.216,41,1.30476190476
290,Terry Taylor,R,73,180,0.0,0,0.914285714286
291,Terry Whitfield,L,73,197,0.281,33,1.07619047619
292,Mario Mendoza,R,71,170,0.215,4,0.685714285714
293,Fred Lynn,L,73,185,0.283,306,0.961904761905
294,Larry Hisle,R,74,193,0.273,166,1.10476190476
295,Graig Nettles,L,72,180,0.248,390,0.847619047619
296,Randy Nosek,R,76,215,0.0,0,1.44761904762
297,Dave Engle,R,75,210,0.262,31,1.33333333333
298,Narciso Elvira,L,70,160,0.0,0,0.52380952381
299,Mike Easler,L,72,190,0.293,118,0.942857142857
300,Mark Smith,R,74,215,0.0,0,1.31428571429
301,Paul Mitchell,R,73,195,0.0,0,1.05714285714
302,Rick Sweet,B,73,200,0.234,6,1.10476190476
303,Thurman Munson,R,71,190,0.292,113,0.87619047619
304,Rick Monday,L,75,193,0.264,241,1.17142857143
305,Mike Sadek,R,69,165,0.226,5,0.504761904762
306,Mark Belanger,R,73,170,0.228,20,0.819047619048
307,Ron Hunt,R,72,186,0.273,39,0.904761904762
308,Joe Keough,L,72,185,0.246,9,0.895238095238
309,Butch Edge,R,75,203,0.0,0,1.26666666667
310,Vic Correll,R,70,185,0.229,29,0.761904761905
311,Jackie Hernandez,R,71,165,0.208,12,0.638095238095
312,Tony Solaita,L,72,210,0.255,50,1.13333333333
313,U L Washington,B,71,175,0.251,27,0.733333333333
314,Gary Mielke,R,75,185,0.0,0,1.09523809524
315,Rick Henninger,R,78,225,0.0,0,1.67619047619
316,Joe Foy,R,72,215,0.248,58,1.18095238095
317,Ed Goodson,L,75,180,0.26,30,1.04761904762
318,Mark Brown,B,74,190,0.0,0,1.07619047619
319,Mickey Klutts,R,71,170,0.241,14,0.685714285714
320,Leroy Stanton,R,73,195,0.244,77,1.05714285714
321,Rafael Vasquez,R,72,160,0.0,0,0.657142857143
322,Len Whitehouse,L,71,175,0.0,0,0.733333333333
323,Danny Ainge,R,76,175,0.22,2,1.06666666667
324,Adolfo Phillips,R,73,175,0.247,59,0.866666666667
325,Marv Breeding,R,72,175,0.25,7,0.8
326,Steve Adkins,R,78,210,0.0,0,1.53333333333
327,Dick McAuliffe,L,71,176,0.247,197,0.742857142857
328,Joe Horlen,R,72,170,0.134,0,0.752380952381
329,Glenn Burke,R,72,195,0.237,2,0.990476190476
330,Tony Mack,R,70,177,0.0,0,0.685714285714
331,Terry Humphrey,R,75,185,0.211,6,1.09523809524
332,Bill Moran,R,76,210,0.0,0,1.4
333,Enzo Hernandez,R,68,155,0.224,2,0.342857142857
334,Cesar Gutierrez,R,69,155,0.235,0,0.409523809524
335,Coco Laboy,R,70,165,0.233,28,0.571428571429
336,Ted Kubiak,B,72,175,0.231,13,0.8
337,Jim Morrison,R,71,175,0.26,112,0.733333333333
338,Tom Gilles,R,73,185,0.0,0,0.961904761905
339,Bobby Knoop,R,73,170,0.236,56,0.819047619048
340,Bobby Brown,B,74,190,0.245,26,1.07619047619
341,Tom Hutton,L,71,180,0.248,22,0.780952380952
342,Ron Hodges,L,73,185,0.24,19,0.961904761905
343,Rich Chiles,L,71,170,0.254,6,0.685714285714
344,Tom Paciorek,R,76,215,0.282,86,1.44761904762
345,Gary Woods,R,74,185,0.243,13,1.02857142857
346,Bob Montgomery,R,73,195,0.258,23,1.05714285714
347,Jeff Burroughs,R,73,200,0.261,240,1.10476190476
348,Rusty Staub,L,74,190,0.279,292,1.07619047619
349,Jim Norris,L,70,175,0.264,7,0.666666666667
350,Oscar Gamble,L,71,160,0.265,200,0.590476190476
351,Bob Kammeyer,R,76,210,0.0,0,1.4
352,George Vukovich,L,72,198,0.268,27,1.01904761905
353,Joe Pactwa,L,71,185,0.0,0,0.828571428571
354,Craig Reynolds,L,73,175,0.256,42,0.866666666667
355,Paul Blair,R,72,168,0.25,134,0.733333333333
356,Al Cowens,R,73,197,0.27,108,1.07619047619
357,Al Oliver,L,72,195,0.303,219,0.990476190476
358,Dave Hilton,R,71,191,0.213,6,0.885714285714
359,Luis Alvarado,R,69,162,0.214,5,0.47619047619
360,Larry Parrish,R,75,190,0.263,256,1.14285714286
361,Woodie Fryman,R,75,197,0.138,2,1.20952380952
362,Bob Randall,R,74,175,0.257,1,0.933333333333
363,Jim Pankovits,R,70,170,0.25,9,0.619047619048
364,Sherman Corbett,L,76,205,0.0,0,1.35238095238
365,Carmen Fanzone,R,72,200,0.224,20,1.0380952381
366,Gary Allenson,R,71,185,0.221,19,0.828571428571
367,Milt May,L,72,190,0.263,77,0.942857142857
368,Mike Vail,R,73,180,0.279,34,0.914285714286
369,Nick Esasky,R,75,200,0.25,122,1.2380952381
370,Jim Nettles,L,72,186,0.22,16,0.904761904762
371,Lafayette Currence,B,71,175,0.0,0,0.733333333333
372,Chris Cannizzaro,R,72,190,0.235,18,0.942857142857
373,Larry Biittner,L,74,205,0.273,29,1.21904761905
374,John Pawlowski,R,74,175,0.0,0,0.933333333333
375,Mel Stottlemyre,R,73,178,0.16,7,0.895238095238
376,Jack Hardy,R,74,175,0.0,0,0.933333333333
377,Ron Musselman,R,74,185,0.0,0,1.02857142857
378,Roy Smalley,B,73,185,0.257,163,0.961904761905
379,Tony Chevez,R,71,177,0.0,0,0.752380952381
380,Andy Messersmith,R,73,200,0.17,5,1.10476190476
381,Richie Zisk,R,73,200,0.287,207,1.10476190476
382,Dave Chalk,R,70,175,0.252,15,0.666666666667
383,Don Baylor,R,73,190,0.26,338,1.00952380952
384,John Vukovich,R,73,187,0.161,6,0.980952380952
385,Danny Thompson,R,72,183,0.248,15,0.87619047619
386,Joe Simpson,L,75,175,0.242,9,1.0
387,Bill Fahey,L,72,200,0.241,7,1.0380952381
388,Doug Camilli,R,71,195,0.199,18,0.92380952381
389,Bernie Allen,L,72,175,0.239,73,0.8
390,Bruce Bochy,R,75,205,0.239,26,1.28571428571
391,Gary Ignasiak,R,71,185,0.0,0,0.828571428571
392,Claudell Washington,L,72,190,0.278,164,0.942857142857
393,John Donaldson,L,71,160,0.238,4,0.590476190476
394,Mike Smithson,L,80,215,0.0,0,1.71428571429
395,John Mayberry,L,75,215,0.253,255,1.38095238095
396,Ken Reitz,R,72,180,0.26,68,0.847619047619
397,Amos Otis,R,71,165,0.277,193,0.638095238095
398,Gene Alley,R,70,160,0.254,55,0.52380952381
399,Ted Sizemore,R,70,165,0.262,23,0.571428571429
400,Dan Briggs,L,72,180,0.195,12,0.847619047619
401,Joe Skalski,R,75,190,0.0,0,1.14285714286
402,Doug Flynn,R,71,165,0.238,7,0.638095238095
403,Bert Bradley,B,73,190,0.0,0,1.00952380952
404,Ken Holtzman,R,74,175,0.163,2,0.933333333333
405,Pete Ward,L,73,185,0.254,98,0.961904761905
406,Kevin Bell,R,72,195,0.222,13,0.990476190476
407,Tom Nieto,R,73,193,0.205,5,1.0380952381
408,Duke Sims,L,74,197,0.239,100,1.14285714286
409,Larvell Blanks,R,68,167,0.253,20,0.457142857143
410,Francisco Barrios,R,71,155,0.0,0,0.542857142857
411,Mike Davis,L,74,175,0.259,91,0.933333333333
412,Jerry Reuss,L,77,200,0.167,1,1.37142857143
413,Steve Yeager,R,72,190,0.228,102,0.942857142857
414,Danny Goodwin,L,73,195,0.236,13,1.05714285714
415,Bud Harrelson,B,71,160,0.236,7,0.590476190476
416,Bob Knepper,L,75,195,0.137,6,1.19047619048
417,Mickey Rivers,L,70,165,0.295,61,0.571428571429
418,Jim Northrup,L,75,190,0.267,153,1.14285714286
419,John Hale,L,74,195,0.201,14,1.12380952381
420,Reggie Ritter,L,74,195,0.0,0,1.12380952381
421,Pedro Garcia,R,70,175,0.22,37,0.666666666667
422,Carl Yastrzemski,L,71,175,0.285,452,0.733333333333
423,Bob Babcock,R,77,210,0.0,0,1.46666666667
424,Craig Eaton,R,71,175,0.0,0,0.733333333333
425,Derrel Thomas,B,72,160,0.249,43,0.657142857143
426,Art Howe,R,74,190,0.26,43,1.07619047619
427,Ike Brown,R,72,190,0.256,20,0.942857142857
428,Howie Goss,R,76,204,0.216,11,1.34285714286
429,Glenn Borgmann,R,76,210,0.229,16,1.4
430,Lamar Johnson,R,74,215,0.287,64,1.31428571429
431,Julio Gonzalez,R,71,162,0.235,4,0.609523809524
432,Bobby Klaus,R,70,170,0.208,6,0.619047619048
433,Manny Sanguillen,R,72,193,0.296,65,0.971428571429
434,Gates Brown,L,71,220,0.257,84,1.1619047619
435,Johnny Ray,B,71,170,0.29,53,0.685714285714
436,Jesus Alou,R,74,190,0.28,32,1.07619047619
437,Ken Landreaux,L,70,165,0.268,91,0.571428571429
438,Enos Cabell,R,76,170,0.277,60,1.01904761905
439,Roy Branch,R,72,175,0.0,0,0.8
440,Billy North,B,71,185,0.261,20,0.828571428571
441,Juan Beniquez,R,71,150,0.274,79,0.495238095238
442,Frank Fernandez,R,72,185,0.199,39,0.895238095238
443,Bombo Rivera,R,70,187,0.265,10,0.780952380952
444,Steve Brye,R,72,190,0.258,30,0.942857142857
445,Ron Jackson,R,72,200,0.259,56,1.0380952381
446,Roger Metzger,B,72,165,0.231,5,0.704761904762
447,Rufino Linares,R,72,170,0.27,11,0.752380952381
448,Ray Webster,L,72,185,0.244,17,0.895238095238
449,Bob Kearney,R,72,190,0.233,27,0.942857142857
450,Fergie Jenkins,R,77,205,0.165,13,1.41904761905
451,Dick Dietz,R,73,195,0.261,66,1.05714285714
452,Ted Cox,R,75,195,0.245,10,1.19047619048
453,Bobby Mitchell,L,70,170,0.243,3,0.619047619048
454,Bobby Mitchell,R,75,185,0.235,21,1.09523809524
455,Barry Evans,R,73,180,0.251,2,0.914285714286
456,Mickey Brantley,R,70,180,0.259,32,0.714285714286
457,Al Gallagher,R,72,180,0.263,11,0.847619047619
458,Rob Woodward,R,75,185,0.0,0,1.09523809524
459,Hector Cruz,R,71,170,0.225,39,0.685714285714
460,Fred Norman,B,68,155,0.125,0,0.342857142857
461,Woody Woodward,R,74,180,0.236,1,0.980952380952
462,Ted Martinez,R,72,165,0.24,7,0.704761904762
463,Jim Anderson,R,72,170,0.218,13,0.752380952381
464,Lenn Sakata,R,69,160,0.23,25,0.457142857143
465,Dave Duncan,R,74,190,0.214,109,1.07619047619
466,Randy Jones,R,72,178,0.132,0,0.828571428571
467,Dick Billings,R,73,195,0.227,16,1.05714285714
468,Bob Veselic,R,72,175,0.0,0,0.8
469,Bruce Bochte,L,75,195,0.282,100,1.19047619048
470,Bernie Carbo,L,71,173,0.264,96,0.714285714286
471,Vic Davalillo,L,67,150,0.279,36,0.228571428571
472,Burt Hooton,R,73,210,0.123,4,1.2
473,Chuck Hockenbery,B,73,195,0.0,0,1.05714285714
474,Bob Ferris,R,78,225,0.0,0,1.67619047619
475,Fernando Gonzalez,R,70,165,0.235,17,0.571428571429
476,Jim Sundberg,R,72,190,0.248,95,0.942857142857
477,Andy Kosco,R,75,205,0.236,73,1.28571428571
478,Steve Huntz,B,73,204,0.206,16,1.14285714286
479,Gary Wheelock,R,75,205,0.0,0,1.28571428571
480,Lenny Faedo,R,72,170,0.251,5,0.752380952381
481,John Lowenstein,L,72,175,0.253,116,0.8
482,Don Kessinger,B,73,170,0.252,14,0.819047619048
483,Joe Hague,L,72,195,0.239,40,0.990476190476
484,Bake McBride,L,74,190,0.299,63,1.07619047619
485,Dick Davis,R,75,190,0.265,27,1.14285714286
486,Richie Scheinblum,B,73,180,0.263,13,0.914285714286
487,Ed Herrmann,L,73,195,0.24,80,1.05714285714
488,Mike Rochford,L,76,205,0.0,0,1.35238095238
489,Jeff Schneider,B,75,195,0.0,0,1.19047619048
490,Bob Molinaro,L,72,190,0.264,14,0.942857142857
491,Mike Hegan,L,73,188,0.242,53,0.990476190476
492,Mike Diaz,R,74,195,0.247,31,1.12380952381
493,Tim Foli,R,72,179,0.251,25,0.838095238095
494,Alan Knicely,R,72,190,0.213,12,0.942857142857
495,Tim Laudner,R,75,212,0.225,77,1.35238095238
496,Jose Morales,R,71,187,0.287,26,0.847619047619
497,Luis Encarnacion,R,70,178,0.0,0,0.695238095238
498,Rick Kreuger,R,74,185,0.0,0,1.02857142857
499,Juan Marichal,R,72,185,0.165,4,0.895238095238
500,Vida Blue,B,72,189,0.104,4,0.933333333333
501,Angel Moreno,L,69,165,0.0,0,0.504761904762
502,Roger Weaver,R,75,190,0.0,0,1.14285714286
503,Stan Papi,R,72,170,0.218,7,0.752380952381
504,Rob Wilfong,L,73,180,0.248,39,0.914285714286
505,Chris Knapp,R,77,195,0.0,0,1.32380952381
506,Steve Henderson,R,74,190,0.28,68,1.07619047619
507,Rob Picciolo,R,74,185,0.234,17,1.02857142857
508,Don Welchel,R,76,205,0.0,0,1.35238095238
509,Randy Wiles,L,73,185,0.0,0,0.961904761905
510,Roberto Pena,R,68,170,0.245,13,0.485714285714
511,Bob Dernier,R,72,160,0.255,23,0.657142857143
512,Bill Melton,R,74,200,0.253,160,1.17142857143
513,Albert Hall,B,71,155,0.251,5,0.542857142857
514,Barbaro Garbey,R,70,170,0.267,11,0.619047619048
515,John Milner,L,72,185,0.249,131,0.895238095238
516,Rich Reese,L,75,185,0.253,52,1.09523809524
517,Chris Bando,B,72,195,0.227,27,0.990476190476
518,Bill Buckner,L,72,185,0.289,174,0.895238095238
519,Jack Hiatt,R,74,190,0.251,22,1.07619047619
520,Nelson Mathews,R,76,195,0.223,22,1.25714285714
521,Larry Lintz,B,69,150,0.227,0,0.361904761905
522,Ron Theobald,R,68,165,0.248,2,0.438095238095
523,Dewey Robinson,R,72,180,0.0,0,0.847619047619
524,Rafael Santana,R,73,165,0.246,13,0.771428571429
525,Jerry Hairston,B,70,170,0.258,30,0.619047619048
526,Tony Arnold,R,71,170,0.0,0,0.685714285714
527,Jeff Schattinger,L,77,200,0.0,0,1.37142857143
528,Ike Brookens,R,77,170,0.0,0,1.08571428571
529,Tommie Aaron,R,75,190,0.229,13,1.14285714286
530,Steve Dillard,R,73,180,0.243,13,0.914285714286
531,Win Remmerswaal,R,74,160,0.0,0,0.790476190476
532,Jeff Peterek,R,74,195,0.0,0,1.12380952381
533,George Scott,R,74,200,0.268,271,1.17142857143
534,Jeff Shaver,R,75,195,0.0,0,1.19047619048
535,Ken Walters,R,73,180,0.231,11,0.914285714286
536,Gorman Thomas,R,74,210,0.225,268,1.26666666667
537,Paul Dade,R,73,185,0.27,10,0.961904761905
538,Darrell Porter,L,72,193,0.247,188,0.971428571429
539,Tim Johnson,L,73,170,0.223,0,0.819047619048
540,Fred Stanley,R,70,165,0.216,10,0.571428571429
541,Larry Bowa,B,70,155,0.26,15,0.47619047619
542,Tim Corcoran,L,71,175,0.27,12,0.733333333333
543,Jim Spencer,L,74,195,0.25,146,1.12380952381
544,Pete LaCock,L,74,200,0.257,27,1.17142857143
545,Carl Morton,R,72,200,0.156,7,1.0380952381
546,Gary Gray,R,72,187,0.24,24,0.914285714286
547,Matty Alou,L,69,160,0.307,31,0.457142857143
548,Pete Filson,B,74,195,0.0,0,1.12380952381
549,Jim Dwyer,L,70,165,0.26,77,0.571428571429
550,Dalton Jones,L,73,180,0.235,41,0.914285714286
551,Rennie Stennett,R,71,160,0.274,41,0.590476190476
552,Jim Gideon,R,75,190,0.0,0,1.14285714286
553,Jerry May,R,74,190,0.234,15,1.07619047619
554,Rich McKinney,R,71,185,0.225,20,0.828571428571
555,Clint Hurdle,L,75,195,0.259,32,1.19047619048
556,Mike Andrews,R,75,195,0.258,66,1.19047619048
557,Bobby Clark,R,72,190,0.239,19,0.942857142857
558,Jeff Twitty,L,74,185,0.0,0,1.02857142857
559,Cliff Johnson,R,76,215,0.258,196,1.44761904762
560,Steve Cummings,B,74,200,0.0,0,1.17142857143
561,Donn Clendenon,R,76,209,0.274,159,1.39047619048
562,Charlie James,R,73,195,0.255,29,1.05714285714
563,Bob Horner,R,73,195,0.277,218,1.05714285714
564,Tom Veryzer,R,73,175,0.241,14,0.866666666667
565,Jose Cecena,R,71,180,0.0,0,0.780952380952
566,George Smith,R,70,170,0.205,9,0.619047619048
567,Jim Essian,R,74,195,0.244,33,1.12380952381
568,Onix Concepcion,R,66,160,0.239,3,0.257142857143
569,Boots Day,L,69,160,0.256,8,0.457142857143
570,Brian Giles,R,73,165,0.228,10,0.771428571429
571,Garry Maddox,R,75,175,0.285,117,1.0
572,Alex Trevino,R,70,165,0.249,23,0.571428571429
573,Jim Price,R,72,192,0.214,18,0.961904761905
574,Felix Millan,R,71,172,0.279,22,0.704761904762
575,Steve Garvey,R,70,192,0.294,272,0.828571428571
576,Don Mincher,L,75,205,0.249,200,1.28571428571
577,Greg Erardi,R,73,190,0.0,0,1.00952380952
578,Jim Farr,R,73,195,0.0,0,1.05714285714
579,Tony Cloninger,R,72,210,0.192,11,1.13333333333
580,Jim Gosger,L,71,185,0.226,30,0.828571428571
581,Chuck Harrison,R,70,185,0.238,17,0.761904761905
582,Mike Ivie,R,75,205,0.269,81,1.28571428571
583,Frank Dimichele,R,75,205,0.0,0,1.28571428571
584,Bob Veale,B,78,212,0.114,0,1.55238095238
585,Marvell Wynne,L,71,175,0.247,40,0.733333333333
586,Dusty Baker,R,74,183,0.278,242,1.00952380952
587,Tucker Ashford,R,73,195,0.218,6,1.05714285714
588,Ned Yost,R,73,190,0.212,16,1.00952380952
589,Bob Stinson,B,71,180,0.25,33,0.780952380952
590,Mike Warren,R,73,175,0.0,0,0.866666666667
591,Gaylord Perry,R,76,205,0.131,6,1.35238095238
592,Dave Marshall,L,73,182,0.246,16,0.933333333333
593,Mickey Hatcher,R,74,200,0.28,38,1.17142857143
594,Roger Repoz,L,75,190,0.224,82,1.14285714286
595,Bill Fulton,R,75,195,0.0,0,1.19047619048
596,John Orsino,R,75,215,0.249,40,1.38095238095
597,Larry Anderson,R,75,190,0.0,0,1.14285714286
598,Johnny Briggs,L,73,190,0.253,139,1.00952380952
599,Craig Mitchell,R,75,180,0.0,0,1.04761904762
600,Dave Hostetler,R,76,215,0.229,37,1.44761904762
601,Bob Jones,L,74,195,0.221,20,1.12380952381
602,Keith Hernandez,L,72,180,0.296,162,0.847619047619
603,Alfredo Martinez,R,75,185,0.0,0,1.09523809524
604,Dean Chance,R,75,200,0.066,0,1.2380952381
605,Willie Upshaw,L,72,185,0.262,123,0.895238095238
606,Dick Green,R,70,180,0.24,80,0.714285714286
607,Dane Iorg,L,72,180,0.276,14,0.847619047619
608,Richie Hebner,L,73,195,0.276,203,1.05714285714
609,Fran Healy,R,77,220,0.25,20,1.5619047619
610,Doc Edwards,R,74,215,0.238,15,1.31428571429
611,Sandy Alomar,B,69,140,0.245,13,0.266666666667
612,Joe Strain,R,70,169,0.25,1,0.609523809524
613,Gene Richards,L,72,175,0.29,26,0.8
614,Buddy Bell,R,73,180,0.279,201,0.914285714286
615,Al Woods,L,75,190,0.271,35,1.14285714286
616,Rudy Law,L,73,165,0.271,18,0.771428571429
617,Joel Davis,L,77,205,0.0,0,1.41904761905
618,Jody Davis,R,76,192,0.245,127,1.22857142857
619,Mike Edwards,R,70,154,0.25,2,0.466666666667
620,Bill Mooneyham,R,72,175,0.0,0,0.8
621,John Hobbs,R,75,190,0.0,0,1.14285714286
622,Deron Johnson,R,74,200,0.244,245,1.17142857143
623,John Denny,R,75,185,0.17,0,1.09523809524
624,Don Wert,R,70,162,0.242,77,0.542857142857
625,Mike Fiore,L,72,175,0.227,13,0.8
626,Miguel Dilone,B,72,160,0.265,6,0.657142857143
627,Greg Luzinski,R,73,220,0.276,307,1.29523809524
628,Bobby Tolan,L,71,170,0.265,86,0.685714285714
629,Karl Best,R,76,190,0.0,0,1.20952380952
630,Steve Barr,L,76,200,0.0,0,1.30476190476
631,Ron Woods,R,70,168,0.233,26,0.6
632,Tony Horton,R,75,210,0.268,76,1.33333333333
633,Randy Hundley,R,71,170,0.236,82,0.685714285714
634,Jose Tartabull,L,71,165,0.261,2,0.638095238095
635,Ben Oglivie,L,74,160,0.273,235,0.790476190476
636,Luis Sanchez,R,74,170,0.0,0,0.885714285714
637,Bob Johnson,R,70,175,0.272,44,0.666666666667
638,Don Buford,B,67,160,0.264,93,0.32380952381
639,Duane Kuiper,L,72,175,0.271,1,0.8
640,Brant Alyea,R,75,215,0.247,38,1.38095238095
641,Jerry Narron,L,75,205,0.211,21,1.28571428571
642,Lou Johnson,R,71,170,0.258,48,0.685714285714
643,Ken Retzer,L,72,185,0.264,14,0.895238095238
644,Mike Brown,R,74,195,0.265,23,1.12380952381
645,Mike Brown,R,74,195,0.0,0,1.12380952381
646,Greg Walker,L,75,205,0.26,113,1.28571428571
647,Terry Harper,R,76,195,0.253,36,1.25714285714
648,Jerry Royster,R,72,165,0.249,40,0.704761904762
649,Steve Davis,L,73,195,0.0,0,1.05714285714
650,Jeff Rineer,L,76,205,0.0,0,1.35238095238
651,Barry Bonnell,R,75,190,0.272,56,1.14285714286
652,Tom Seaver,R,73,195,0.154,12,1.05714285714
653,Jerry Martin,R,73,195,0.251,85,1.05714285714
654,Bill Stein,R,70,170,0.267,44,0.619047619048
655,Joel Youngblood,R,72,180,0.265,80,0.847619047619
656,Reggie Jackson,L,72,195,0.262,563,0.990476190476
657,Sonny Jackson,L,69,150,0.251,7,0.361904761905
658,Mark Mercer,L,77,220,0.0,0,1.5619047619
659,Rodney Scott,B,72,160,0.236,3,0.657142857143
660,Rich Coggins,L,68,170,0.265,12,0.485714285714
661,Phil Gagliano,R,73,180,0.238,14,0.914285714286
662,Jerry McNertney,R,72,180,0.237,27,0.847619047619
663,Mitchell Page,L,74,205,0.266,72,1.21904761905
664,Kiko Garcia,R,71,180,0.239,12,0.780952380952
665,Larry Milbourne,B,72,161,0.254,11,0.666666666667
666,Bill Sudakis,B,73,190,0.234,59,1.00952380952
667,John Caneira,R,75,180,0.0,0,1.04761904762
668,Domingo Ramos,R,70,154,0.24,8,0.466666666667
669,Ron Oester,B,74,185,0.265,42,1.02857142857
670,Glenn Adams,L,73,180,0.28,34,0.914285714286
671,Clint Zavaras,R,73,175,0.0,0,0.866666666667
672,Joe Morgan,L,67,160,0.271,268,0.32380952381
673,R.J. Reynolds,B,72,190,0.267,35,0.942857142857
674,Mike Parrott,R,76,210,0.0,0,1.4
675,Lee Thomas,L,74,195,0.255,106,1.12380952381
676,Ray Fosse,R,74,215,0.256,61,1.31428571429
677,Paul Popovich,B,72,175,0.233,14,0.8
678,John Stephenson,L,71,180,0.216,12,0.780952380952
679,Doug Clemens,L,72,180,0.229,12,0.847619047619
680,Luis Aponte,R,72,185,0.0,0,0.895238095238
681,Orlando Mercado,R,72,180,0.199,7,0.847619047619
682,Charley Smith,R,73,170,0.239,69,0.819047619048
683,Paul Boris,R,74,200,0.0,0,1.17142857143
684,Buddy Biancalana,B,71,160,0.205,6,0.590476190476
685,De Wayne Buice,R,72,170,0.0,0,0.752380952381
686,Bob Uecker,R,73,190,0.2,14,1.00952380952
687,Felix Torres,R,71,165,0.254,27,0.638095238095
688,Steve Braun,L,70,180,0.271,52,0.714285714286
689,Ray Knight,R,73,185,0.271,84,0.961904761905
690,Ty Cline,L,72,170,0.238,6,0.752380952381
691,Thad Bosley,L,75,175,0.272,20,1.0
692,Bobby Grich,R,74,180,0.266,224,0.980952380952
693,Jimmie Hall,L,72,175,0.254,121,0.8
694,John Boccabella,R,73,195,0.219,26,1.05714285714
695,Brock Davis,L,70,160,0.26,1,0.52380952381
696,Mark Esser,R,73,190,0.0,0,1.00952380952
697,Curt Blefary,L,74,195,0.237,112,1.12380952381
698,Daryl Smith,R,76,185,0.0,0,1.1619047619
699,Dave Smith,R,73,190,0.0,0,1.00952380952
700,Mack Jones,L,73,180,0.252,133,0.914285714286
701,Buddy Bradford,R,71,170,0.226,52,0.685714285714
702,Hosken Powell,L,73,175,0.259,17,0.866666666667
703,Dave Stapleton,L,73,185,0.0,0,0.961904761905
704,Dave Stapleton,R,73,178,0.271,41,0.895238095238
705,Gary Ward,R,74,195,0.276,130,1.12380952381
706,Jim Lonborg,R,77,200,0.136,3,1.37142857143
707,Joe Lis,R,72,175,0.233,32,0.8
708,Dan Meyer,L,71,180,0.253,86,0.780952380952
709,Jim Holt,L,72,180,0.265,19,0.847619047619
710,Tom Klawitter,R,74,190,0.0,0,1.07619047619
711,Larry Herndon,R,75,190,0.274,107,1.14285714286
712,Gary Christenson,L,77,200,0.0,0,1.37142857143
713,Jim Wright,R,77,205,0.0,0,1.41904761905
714,Jim Wright,R,73,165,0.0,0,0.771428571429
715,Wallace Johnson,B,72,173,0.255,5,0.780952380952
716,Mike Kinnunen,L,73,185,0.0,0,0.961904761905
717,Eddie Leon,R,72,170,0.236,24,0.752380952381
718,Dave Rajsich,L,77,175,0.0,0,1.13333333333
719,Jim Wohlford,R,71,175,0.26,21,0.733333333333
720,J.R. Richard,R,80,222,0.168,10,1.78095238095
721,Bill Voss,L,74,160,0.227,19,0.790476190476
722,Keith Moreland,R,72,190,0.279,121,0.942857142857
723,Ramon Pena,R,70,155,0.0,0,0.47619047619
724,Alex Johnson,R,72,205,0.288,78,1.08571428571
725,Wayne Krenchicki,L,73,180,0.266,15,0.914285714286
726,Chico Escarrega,R,71,185,0.0,0,0.828571428571
727,Dave Rosello,R,71,160,0.236,10,0.590476190476
728,Cardell Camper,R,75,208,0.0,0,1.31428571429
729,Paul Schaal,R,71,165,0.244,57,0.638095238095
730,Tito Landrum,R,71,175,0.249,13,0.733333333333
731,Dave Edwards,R,72,170,0.237,14,0.752380952381
732,Mario Guerrero,R,70,155,0.257,7,0.47619047619
733,Tom Tresh,B,73,180,0.245,153,0.914285714286
734,Mike Overy,R,74,190,0.0,0,1.07619047619
735,Ron Roenicke,B,72,180,0.238,17,0.847619047619
736,Doug Griffin,R,72,160,0.245,7,0.657142857143
737,Steve Blass,R,72,165,0.172,1,0.704761904762
738,Johnnie LeMaster,R,74,165,0.222,22,0.838095238095
739,Craig Chamberlain,R,73,190,0.0,0,1.00952380952
740,Nate Oliver,R,70,160,0.226,2,0.52380952381
741,Ray Sadecki,L,71,180,0.191,5,0.780952380952
742,Ken Rudolph,R,73,180,0.213,6,0.914285714286
743,Wayne Nordhagen,R,74,205,0.282,39,1.21904761905
744,Biff Pocoroba,B,70,175,0.257,21,0.666666666667
745,Len Matuszek,L,74,190,0.234,30,1.07619047619
746,Frank Eufemia,R,71,185,0.0,0,0.828571428571
747,Joe Lefebvre,L,70,170,0.258,31,0.619047619048
748,Jim Maloney,L,74,190,0.201,7,1.07619047619
749,Andre Robertson,R,70,155,0.251,5,0.47619047619
750,Jerry Zimmerman,R,74,185,0.204,3,1.02857142857
751,Jack Lazorko,R,71,200,0.0,0,0.971428571429
752,Mike Paxton,R,71,190,0.0,0,0.87619047619
753,Chet Lemon,R,72,190,0.273,215,0.942857142857
754,Rickey Keeton,R,74,190,0.0,0,1.07619047619
755,Phil Mankowski,L,72,180,0.264,8,0.847619047619
756,Cleon Jones,R,72,185,0.281,93,0.895238095238
757,Joaquin Andujar,B,72,170,0.127,5,0.752380952381
758,Mike Lum,L,72,180,0.247,90,0.847619047619
759,Johnny Grubb,L,75,175,0.278,99,1.0
760,Curt Motton,R,68,164,0.213,25,0.428571428571
761,Johnny Bench,R,73,197,0.267,389,1.07619047619
762,Dale Berra,R,72,180,0.236,49,0.847619047619
763,Terry Felton,R,73,180,0.0,0,0.914285714286
764,Bob Meacham,B,73,175,0.236,8,0.866666666667
765,Mark Clear,R,76,200,0.0,0,1.30476190476
766,Carl Warwick,R,70,170,0.248,31,0.619047619048
767,Sam Bowens,R,73,188,0.223,45,0.990476190476
768,George Wright,B,71,180,0.245,42,0.780952380952
769,Luis Aguayo,R,69,173,0.236,37,0.580952380952
770,Hal Lanier,R,74,180,0.228,8,0.980952380952
771,Mike Pazik,L,74,195,0.0,0,1.12380952381
772,Len Randle,B,70,169,0.257,27,0.609523809524
773,Greg Pryor,R,72,180,0.25,14,0.847619047619
774,Jim Traber,L,72,194,0.227,27,0.980952380952
775,Dave Nelson,R,70,160,0.244,20,0.52380952381
776,Lynn Jones,R,69,175,0.252,7,0.6
777,Bryan Little,B,70,160,0.245,3,0.52380952381
778,Ken Suarez,R,69,175,0.227,5,0.6
779,Rick Peters,B,69,170,0.277,2,0.552380952381
780,Ron Stone,L,74,185,0.241,6,1.02857142857
781,Rich Barnes,R,76,186,0.0,0,1.17142857143
782,Tommie Agee,R,71,195,0.255,130,0.92380952381
783,Bob Bailey,R,73,180,0.257,189,0.914285714286
784,Cap Peterson,R,74,195,0.23,19,1.12380952381
785,Ted Uhlaender,L,74,190,0.263,36,1.07619047619
786,Ted Simmons,B,71,193,0.285,248,0.904761904762
787,Bobby Murcer,L,71,160,0.277,252,0.590476190476
788,Dick Tracewski,R,71,160,0.213,8,0.590476190476
789,Dave Frost,R,78,235,0.0,0,1.77142857143
790,Mark Souza,L,72,180,0.0,0,0.847619047619
791,Bill Nahorodny,R,74,200,0.241,25,1.17142857143
792,Bill Madlock,R,71,180,0.305,163,0.780952380952
793,Bob Boone,R,74,195,0.254,105,1.12380952381
794,Rick Jones,L,77,190,0.0,0,1.27619047619
795,Steve Kemp,L,72,195,0.278,130,0.990476190476
796,Rick Burleson,R,70,165,0.273,50,0.571428571429
797,Jim Dorsey,R,79,190,0.0,0,1.40952380952
798,Mark Ciardi,R,72,180,0.0,0,0.847619047619
799,Dennis Burtt,R,72,180,0.0,0,0.847619047619
800,Carl Taylor,R,74,200,0.266,10,1.17142857143
801,Terry Harmon,R,74,180,0.233,4,0.980952380952
802,Mike Hargrove,L,72,195,0.29,80,0.990476190476
803,Rich Yett,R,74,187,0.0,0,1.04761904762
804,Steve Hovley,L,70,188,0.258,8,0.790476190476
805,Don Leppert,R,74,220,0.229,15,1.3619047619
806,Matt Williams,R,73,200,0.0,0,1.10476190476
807,Jim Burton,R,75,195,0.0,0,1.19047619048
808,Rick Anderson,R,74,210,0.0,0,1.26666666667
809,Charlie Mitchell,R,75,170,0.0,0,0.952380952381
810,Bill Paschall,R,72,175,0.0,0,0.8
811,John Bohnet,B,72,175,0.0,0,0.8
812,Byron McLaughlin,R,73,175,0.0,0,0.866666666667
813,Lee May,R,75,195,0.267,354,1.19047619048
814,Luis Quintana,L,74,175,0.0,0,0.933333333333
815,Sam McDowell,L,77,190,0.154,2,1.27619047619
816,Rick Renick,R,72,188,0.221,20,0.92380952381
817,Jeff Torborg,R,72,195,0.214,8,0.990476190476
818,Dave Campbell,R,73,180,0.213,20,0.914285714286
819,Pat Kelly,L,73,185,0.264,76,0.961904761905
820,Al Weis,B,72,160,0.219,7,0.657142857143
821,Jerry Turner,L,69,180,0.257,45,0.647619047619
822,Rick Auerbach,R,72,165,0.22,9,0.704761904762
823,Keith Macwhorter,R,76,190,0.0,0,1.20952380952
824,Don Wilson,R,74,195,0.146,1,1.12380952381
825,Jaime Cocanower,R,76,200,0.0,0,1.30476190476
826,Jeff Sellers,R,73,175,0.0,0,0.866666666667
827,Sandy Valdespino,L,68,170,0.23,7,0.485714285714
828,Steve Senteney,R,74,205,0.0,0,1.21904761905
829,Howard Bailey,R,72,195,0.0,0,0.990476190476
830,Jeff Bettendorf,R,75,180,0.0,0,1.04761904762
831,Ken Phelps,L,73,209,0.239,123,1.19047619048
832,Cesar Cedeno,R,74,175,0.285,199,0.933333333333
833,Bob Davidson,R,72,185,0.0,0,0.895238095238
834,Phil Linz,R,73,180,0.235,11,0.914285714286
835,Manny Mota,R,70,160,0.304,31,0.52380952381
836,Brian Snyder,L,75,185,0.0,0,1.09523809524
837,Steve Renko,R,77,230,0.215,6,1.65714285714
838,Rick Sofield,L,73,195,0.243,9,1.05714285714
839,Carlos Velazquez,R,71,180,0.0,0,0.780952380952
840,Roger Miller,R,75,200,0.0,0,1.2380952381
841,Doug DeCinces,R,74,190,0.259,237,1.07619047619
842,John Castino,R,71,175,0.278,41,0.733333333333
843,Dave May,L,70,186,0.251,96,0.771428571429
844,Ron Washington,R,71,155,0.261,20,0.542857142857
845,Billy Grabarkewitz,R,70,165,0.236,28,0.571428571429
846,Willie Aikens,L,75,220,0.271,110,1.42857142857
847,Earl Williams,R,75,215,0.247,138,1.38095238095
848,Willie Mueller,R,76,220,0.0,0,1.49523809524
849,John Flinn,R,72,175,0.0,0,0.8
850,Don Hahn,R,73,180,0.236,7,0.914285714286
851,Todd Cruz,R,72,175,0.22,34,0.8
852,Tom Egan,R,76,218,0.2,22,1.47619047619
853,Bob Heise,R,72,175,0.247,1,0.8
854,Tommy Harper,R,69,165,0.257,146,0.504761904762
855,Joe Wallis,B,71,180,0.244,16,0.780952380952
856,Max Alvis,R,71,185,0.247,111,0.828571428571
857,Rico Carty,R,75,200,0.299,204,1.2380952381
858,Mike Cubbage,L,72,180,0.258,34,0.847619047619
859,Les Straker,R,73,193,0.0,0,1.0380952381
860,Merritt Ranew,L,71,170,0.247,8,0.685714285714
861,Lyman Bostock,L,73,180,0.311,23,0.914285714286
862,Damaso Garcia,R,73,165,0.283,36,0.771428571429
863,Don Kainer,R,75,205,0.0,0,1.28571428571
864,Don Gordon,R,73,175,0.0,0,0.866666666667
865,Roy Howell,L,73,190,0.261,80,1.00952380952
866,Boog Powell,L,76,230,0.266,339,1.59047619048
867,Sandy Wihtol,R,73,195,0.0,0,1.05714285714
868,Sonny Siebert,R,75,190,0.173,12,1.14285714286
869,Jeff Richardson,R,75,185,0.0,0,1.09523809524
870,Bobby Darwin,R,74,190,0.251,83,1.07619047619
871,Dennis DeBarr,L,74,190,0.0,0,1.07619047619
872,Dan Driessen,L,71,187,0.267,153,0.847619047619
873,Bruce Miller,R,73,185,0.246,1,0.961904761905
874,Bob Bailor,R,71,170,0.264,9,0.685714285714
875,Tommy Helms,R,70,165,0.269,34,0.571428571429
876,Tony Armas,R,71,182,0.252,251,0.8
877,Willie Horton,R,71,209,0.273,325,1.05714285714
878,Lou Piniella,R,72,182,0.291,102,0.866666666667
879,Butch Hobson,R,73,193,0.248,98,1.0380952381
880,John Wathan,R,74,205,0.262,21,1.21904761905
881,Hal King,L,73,200,0.214,24,1.10476190476
882,Mike Krukow,R,77,205,0.193,5,1.41904761905
883,Andres Mora,R,72,180,0.223,27,0.847619047619
884,Barry Foote,R,75,205,0.23,57,1.28571428571
885,Ed Ott,L,70,190,0.259,33,0.809523809524
886,Alan Wiggins,B,74,160,0.259,5,0.790476190476
887,Ron Clark,R,70,175,0.189,5,0.666666666667
888,Jay Pettibone,R,76,182,0.0,0,1.13333333333
889,Glen Cook,R,71,180,0.0,0,0.780952380952
890,Julio Gotay,R,72,180,0.26,6,0.847619047619
891,Gary Alexander,R,74,195,0.23,55,1.12380952381
892,Andre Thornton,R,75,200,0.254,253,1.2380952381
893,Bob Oliver,R,75,205,0.256,94,1.28571428571
894,Bill Castro,R,71,170,0.0,0,0.685714285714
895,Ed Hodge,L,74,192,0.0,0,1.09523809524
896,Tom Buskey,R,75,200,0.0,0,1.2380952381
897,Bruce Taylor,R,72,178,0.0,0,0.828571428571
898,Stan Thomas,R,74,185,0.0,0,1.02857142857
899,Bob Robertson,R,73,195,0.242,115,1.05714285714
900,Larry Monroe,R,76,200,0.0,0,1.30476190476
901,Roger Slagle,R,75,190,0.0,0,1.14285714286
902,Ollie Brown,R,74,178,0.265,102,0.961904761905
903,Jim Campbell,L,71,175,0.0,0,0.733333333333
904,Frank Quilici,R,73,170,0.214,5,0.819047619048
905,Curt Kaufman,R,74,175,0.0,0,0.933333333333
906,Joe Pepitone,L,74,185,0.258,219,1.02857142857
907,Steve Barber,L,72,195,0.115,5,0.990476190476
908,De Wayne Vaughn,R,71,180,0.0,0,0.780952380952
909,Norm Miller,L,70,185,0.238,24,0.761904761905
910,Bob Galasso,L,73,205,0.0,0,1.15238095238
911,Rich Wortham,R,72,185,0.0,0,0.895238095238
912,Bob Chance,L,74,196,0.261,24,1.13333333333
913,Julio Cruz,B,69,165,0.237,23,0.504761904762
914,Bill Sample,R,69,175,0.272,46,0.6
915,Juan Nieves,L,75,175,0.0,0,1.0
916,Mike Bacsik,R,74,180,0.0,0,0.980952380952
917,Craig Kusick,R,75,210,0.235,46,1.33333333333
918,Rudy Meoli,L,69,165,0.212,2,0.504761904762
919,Ruppert Jones,L,70,170,0.25,147,0.619047619048
920,Glenn Hoffman,R,73,175,0.242,23,0.866666666667
921,Russ Gibson,R,73,195,0.228,8,1.05714285714
922,Phil Huffman,R,74,180,0.0,0,0.980952380952
923,Terry Francona,L,73,190,0.274,16,1.00952380952
924,John Bateman,R,75,210,0.23,81,1.33333333333
925,Luis Pujols,R,74,175,0.193,6,0.933333333333
926,Joe Gaines,R,73,190,0.241,21,1.00952380952
927,Doug Rader,R,74,208,0.251,155,1.24761904762
928,Mickey Stanley,R,73,185,0.248,117,0.961904761905
929,Steve Brown,R,77,200,0.0,0,1.37142857143
930,Rick Lysander,R,74,190,0.0,0,1.07619047619
931,Phil Bradley,R,72,185,0.286,78,0.895238095238
932,Winston Llenas,R,70,165,0.23,3,0.571428571429
933,Charlie Moore,R,71,180,0.261,36,0.780952380952
934,Ralph Garr,L,71,185,0.306,75,0.828571428571
935,Tommy John,R,75,180,0.157,5,1.04761904762
936,Bruce Benedict,R,73,175,0.242,18,0.866666666667
937,John Ellis,R,74,225,0.262,69,1.40952380952
938,Wes Parker,B,73,180,0.267,64,0.914285714286
939,Mel Stottlemyre,R,72,190,0.0,0,0.942857142857
940,David Green,R,75,170,0.268,31,0.952380952381
941,Reid Nichols,R,71,165,0.266,22,0.638095238095
942,Rick Reichardt,R,75,210,0.261,116,1.33333333333
943,Luis Tiant,R,72,180,0.164,5,0.847619047619
944,Alex Sanchez,R,74,185,0.0,0,1.02857142857
945,Broderick Perkins,L,70,180,0.271,8,0.714285714286
946,Leon Roberts,R,75,200,0.267,78,1.2380952381
947,Ray Burris,R,77,200,0.151,1,1.37142857143
948,Len Gabrielson,L,76,210,0.253,37,1.4
949,Johnny Edwards,L,76,220,0.242,81,1.49523809524
950,Paul Wilmet,R,71,170,0.0,0,0.685714285714
951,Tom Grieve,R,74,190,0.249,65,1.07619047619
952,Bruce Ellingsen,L,72,180,0.0,0,0.847619047619
953,Bob Forsch,R,76,200,0.213,12,1.30476190476
954,Gorman Heimueller,L,76,195,0.0,0,1.25714285714
955,Danny Cater,R,72,170,0.276,66,0.752380952381
956,Bill Schroeder,R,74,200,0.24,61,1.17142857143
957,Clay Dalrymple,L,72,190,0.233,55,0.942857142857
958,Carlos May,L,71,200,0.274,90,0.971428571429
959,Reggie Smith,B,72,180,0.287,314,0.847619047619
960,Ron Reed,R,78,215,0.158,0,1.58095238095
961,Fred Howard,R,75,190,0.0,0,1.14285714286
962,Davey Johnson,R,73,170,0.261,136,0.819047619048
963,Ellis Valentine,R,76,205,0.278,123,1.35238095238
964,Roy White,B,70,160,0.271,160,0.52380952381
965,Mike Brumley,L,70,195,0.229,5,0.857142857143
966,Al Luplow,L,70,175,0.235,33,0.666666666667
967,John Hoover,R,74,190,0.0,0,1.07619047619
968,Dick Allen,R,71,187,0.292,351,0.847619047619
969,Doug Ault,R,75,200,0.236,17,1.2380952381
970,Mark Wagner,R,72,165,0.243,3,0.704761904762
971,Mike Walters,R,77,203,0.0,0,1.4
972,Willie Stargell,L,74,188,0.282,475,1.05714285714
973,Steve Carlton,L,76,210,0.201,13,1.4
974,Jake Wood,R,73,163,0.25,35,0.752380952381
975,Del Unser,L,73,180,0.258,87,0.914285714286
976,Bob Brower,R,71,185,0.242,17,0.828571428571
977,Ray Culp,R,72,200,0.123,1,1.0380952381
978,Ivan Murrell,R,74,195,0.236,33,1.12380952381
979,Lee Mazzilli,B,73,180,0.259,93,0.914285714286
980,Garth Iorg,R,71,170,0.258,20,0.685714285714
981,Alan Ashby,B,74,185,0.245,90,1.02857142857
982,Bob Brenly,R,74,210,0.247,91,1.26666666667
983,Ron Blomberg,L,73,195,0.293,52,1.05714285714
984,Jim Rooker,R,72,195,0.201,7,0.990476190476
985,Tim Blackwell,B,71,170,0.228,6,0.685714285714
986,Colby Ward,R,74,185,0.0,0,1.02857142857
987,Jerry Morales,R,70,155,0.259,95,0.47619047619
988,Davey Lopes,R,69,170,0.263,155,0.552380952381
989,Catfish Hunter,R,72,190,0.226,6,0.942857142857
990,Mario Soto,R,72,174,0.132,1,0.790476190476
991,Jimmy Wynn,R,70,160,0.25,291,0.52380952381
992,Hank Allen,R,72,190,0.241,6,0.942857142857
993,Jim Fregosi,R,73,190,0.265,151,1.00952380952
994,Pepe Frias,R,70,159,0.24,1,0.514285714286
995,Mike Schmidt,R,74,195,0.267,548,1.12380952381
996,Willie Montanez,L,72,170,0.275,139,0.752380952381
997,Rey Quinones,R,71,160,0.243,29,0.590476190476
998,Mike Squires,L,71,185,0.26,6,0.828571428571
999,Champ Summers,L,74,205,0.255,54,1.21904761905
1000,Chuck Porter,R,75,187,0.0,0,1.11428571429
1001,Bert Campaneris,R,70,160,0.259,79,0.52380952381
1002,Bobby Valentine,R,70,189,0.26,12,0.8
1003,Rob Andrews,R,72,185,0.251,3,0.895238095238
1004,Tom Haller,L,76,195,0.257,134,1.25714285714
1005,Tom Dozier,R,74,190,0.0,0,1.07619047619
1006,Ed Stroud,L,71,180,0.237,14,0.780952380952
1007,Ron Swoboda,R,74,195,0.242,73,1.12380952381
1008,Harry Spilman,L,73,180,0.237,18,0.914285714286
1009,Bob Barton,R,72,175,0.226,9,0.8
1010,Daryl Sconiers,L,74,185,0.265,15,1.02857142857
1011,Joe Torre,R,74,212,0.297,252,1.28571428571
1012,Al Ferrara,R,73,200,0.259,51,1.10476190476
1013,Rick Steirer,R,76,200,0.0,0,1.30476190476
1014,Sixto Lezcano,R,70,165,0.271,148,0.571428571429
1015,Al Lachowicz,R,75,198,0.0,0,1.21904761905
1016,Dave Nicholson,R,74,215,0.212,61,1.31428571429
1017,Freddie Patek,R,65,148,0.242,41,0.0761904761905
1018,Ken Hubbs,R,74,175,0.247,14,0.933333333333
1019,Pepe Mangual,R,70,157,0.242,16,0.495238095238
1020,Leron Lee,L,72,196,0.25,31,1.0
1021,Tom McCarthy,R,72,180,0.0,0,0.847619047619
1022,Steve Ontiveros,B,72,185,0.274,24,0.895238095238
1023,Willie Davis,L,74,180,0.279,182,0.980952380952
1024,Tom Lawless,R,71,170,0.207,2,0.685714285714
1025,Jerry Moses,R,75,210,0.251,25,1.33333333333
1026,Bobby Bonds,R,73,190,0.268,332,1.00952380952
1027,Dave McNally,R,71,185,0.133,9,0.828571428571
1028,Darrell Brown,B,72,184,0.274,1,0.885714285714
1029,Roy Foster,R,72,185,0.253,45,0.895238095238
1030,Denis Menke,R,72,185,0.25,101,0.895238095238
1031,Hal Breeden,R,74,200,0.243,21,1.17142857143
1032,Manny Trillo,R,73,150,0.263,61,0.628571428571
1033,Jackie Gutierrez,R,71,175,0.237,4,0.733333333333
1034,Jerry Kenney,L,73,170,0.237,7,0.819047619048
1035,Fred Kendall,R,73,185,0.234,31,0.961904761905
1036,Mike Anderson,R,74,200,0.246,28,1.17142857143
1037,Jim Lewis,R,75,190,0.0,0,1.14285714286
1038,Joe Charboneau,R,74,205,0.266,29,1.21904761905
1039,Jimmie Schaffer,R,69,170,0.223,11,0.552380952381
1040,Junior Kennedy,R,71,175,0.248,4,0.733333333333
1041,Wilbur Howard,B,74,170,0.25,6,0.885714285714
1042,Rod Gilbreath,R,74,180,0.248,14,0.980952380952
1043,Mark Brouhard,R,73,210,0.259,25,1.2
1044,Dan Morogiello,L,73,200,0.0,0,1.10476190476
1045,Mike Young,B,74,195,0.247,72,1.12380952381
1046,Chris Speier,R,73,175,0.246,112,0.866666666667
1047,Gene Michael,B,74,183,0.229,15,1.00952380952
1048,Vic Harris,B,71,165,0.217,13,0.638095238095
1049,Mike Fischlin,R,73,165,0.22,3,0.771428571429
1050,Don Money,R,73,170,0.261,176,0.819047619048
1051,Joe Rudi,R,74,200,0.264,179,1.17142857143
1052,Jim Rice,R,74,200,0.298,382,1.17142857143
1053,Shawn Holman,R,74,185,0.0,0,1.02857142857
1054,Alan Wirth,R,76,190,0.0,0,1.20952380952
1055,Gil Garrido,R,69,150,0.237,1,0.361904761905
1056,Marty Perez,R,71,160,0.246,22,0.590476190476
1057,Tom Matchick,L,73,173,0.215,4,0.847619047619
1058,Jack Perconte,L,70,160,0.27,2,0.52380952381
1059,Ed Kirkpatrick,L,71,195,0.238,85,0.92380952381
1060,Jerry Grote,R,70,185,0.252,39,0.761904761905
1061,Ellie Hendricks,L,73,175,0.22,62,0.866666666667
1062,Jim Beauchamp,R,74,190,0.231,14,1.07619047619
1063,Terry Wilshusen,R,74,210,0.0,0,1.26666666667
1064,Tito Fuentes,B,71,175,0.268,45,0.733333333333
1065,Ron Brand,R,67,167,0.239,3,0.390476190476
1066,Leo Cardenas,R,71,150,0.257,118,0.495238095238
1067,Art Shamsky,L,73,168,0.253,68,0.8
1068,Steve Ellsworth,R,80,220,0.0,0,1.7619047619
1069,Ron Cey,R,70,185,0.261,316,0.761904761905
1070,Skip Jutze,R,71,190,0.215,3,0.87619047619
1071,Butch Wynegar,B,73,190,0.255,65,1.00952380952
1072,Ron LeFlore,R,72,200,0.288,59,1.0380952381
1073,Bill Russell,R,72,175,0.263,46,0.8
1074,Gene Tenace,R,72,190,0.241,201,0.942857142857
1075,Bubba Morton,R,70,175,0.267,14,0.666666666667
1076,Ellie Rodriguez,R,71,185,0.245,16,0.828571428571
1077,Darrel Chaney,B,74,188,0.217,14,1.05714285714
1078,Dick Nen,L,74,200,0.224,21,1.17142857143
1079,Bryan Kelly,R,74,195,0.0,0,1.12380952381
1080,Bill Freehan,R,75,203,0.262,200,1.26666666667
1081,Steve Nicosia,R,70,185,0.248,11,0.761904761905
1082,Ted Savage,R,73,185,0.233,34,0.961904761905
1083,Pete Mackanin,R,74,190,0.226,30,1.07619047619
1084,Rich Dauer,R,72,180,0.257,43,0.847619047619
1085,Mick Kelleher,R,69,176,0.213,0,0.609523809524
1086,Rowland Office,L,72,170,0.259,32,0.752380952381
1087,Rick Leach,L,73,180,0.268,18,0.914285714286
1088,Dwayne Murphy,L,73,185,0.246,166,0.961904761905
1089,Larry Harlow,L,74,185,0.248,12,1.02857142857
1090,Mike Epstein,L,75,230,0.244,130,1.52380952381
1091,Jerry Mumphrey,B,74,185,0.289,70,1.02857142857
1092,Don Sutton,R,73,185,0.144,0,0.961904761905
1093,Glenn Beckert,R,73,190,0.283,22,1.00952380952
1094,Ron Davis,R,72,175,0.233,10,0.8
1095,Mike Shannon,R,75,195,0.255,68,1.19047619048
1096,Jason Thompson,L,76,200,0.261,208,1.30476190476
1097,Wayne Tolleson,B,69,160,0.241,9,0.457142857143
1098,John Leister,R,74,200,0.0,0,1.17142857143
1099,Don Cooper,R,73,185,0.0,0,0.961904761905
1100,Mike Jorgensen,L,72,195,0.243,95,0.990476190476
1101,Ed Romero,R,71,160,0.247,8,0.590476190476
1102,Rick Joseph,R,73,192,0.243,13,1.02857142857
1103,Cecil Cooper,L,74,165,0.298,241,0.838095238095
1104,Bill Almon,R,75,180,0.254,36,1.04761904762
1105,Joe Ferguson,R,74,200,0.24,122,1.17142857143
1106,Jeff Jones,R,75,210,0.0,0,1.33333333333
1107,Jerry Terrell,R,71,165,0.253,4,0.638095238095
1108,John Poloni,L,77,210,0.0,0,1.46666666667
1109,Dave Revering,L,76,210,0.265,62,1.4
1110,Curt Ford,L,70,150,0.245,7,0.428571428571
1111,Jerry Dybzinski,R,74,180,0.234,3,0.980952380952
1112,Mike Willis,L,74,205,0.0,0,1.21904761905
1113,Bob Burda,L,71,174,0.224,13,0.72380952381
1114,Jesse Gonder,L,70,180,0.251,26,0.714285714286
1115,Gary Sutherland,R,72,185,0.243,24,0.895238095238
1116,Bob Coluccio,R,71,183,0.22,26,0.809523809524
1117,Dave Rader,L,71,165,0.257,30,0.638095238095
1118,Ron Gardenhire,R,72,175,0.232,4,0.8
1119,Bill Sharp,L,70,178,0.255,9,0.695238095238
1120,Alan Bannister,R,71,170,0.27,19,0.685714285714
1121,Bob Watson,R,72,201,0.295,184,1.04761904762
1122,Ken Harrelson,R,74,190,0.239,131,1.07619047619
1123,Bobby Wine,R,73,187,0.215,30,0.980952380952
1124,Stefan Wever,R,80,245,0.0,0,2.0
1125,John Kennedy,R,72,185,0.225,32,0.895238095238
1126,Chico Ruiz,B,72,169,0.24,2,0.742857142857
1127,Dave Johnson,R,73,183,0.0,0,0.942857142857
1128,Gail Hopkins,L,70,198,0.266,25,0.885714285714
1129,Doug Frobel,L,76,196,0.201,20,1.26666666667
1130,Luis Melendez,R,72,165,0.248,9,0.704761904762
1131,Jerry Augustine,L,72,183,0.0,0,0.87619047619
1132,Bill Plummer,R,73,190,0.188,14,1.00952380952
1133,Buck Rodgers,B,74,190,0.232,31,1.07619047619
1134,Phil Niekro,R,73,180,0.169,7,0.914285714286
1135,Jeff Holly,L,77,210,0.0,0,1.46666666667
1136,Tom Poquette,L,70,175,0.268,10,0.666666666667
1137,Eric Hetzel,R,75,175,0.0,0,1.0
1138,Brian Asselstine,L,73,175,0.254,12,0.866666666667
1139,Rick Miller,L,72,175,0.269,28,0.8
1140,Ed Charles,R,70,170,0.263,86,0.619047619048
1141,Luis Gomez,R,69,150,0.21,0,0.361904761905
1142,Dave Lemanczyk,R,76,235,0.0,0,1.6380952381
1143,Al Jones,R,76,210,0.0,0,1.4
1144,Floyd Rayford,R,70,190,0.244,38,0.809523809524
1145,Sam Hinds,R,78,215,0.0,0,1.58095238095
1146,Tony Conigliaro,R,75,185,0.264,166,1.09523809524
1147,Clay Christiansen,R,77,205,0.0,0,1.41904761905
1148,Jim Barr,R,75,205,0.162,1,1.28571428571
1149,Jerry Remy,L,69,165,0.275,7,0.504761904762
1150,Larry Rothschild,L,74,180,0.0,0,0.980952380952
1151,Frank Duffy,R,73,180,0.232,26,0.914285714286
1152,Gary Lance,B,75,195,0.0,0,1.19047619048
1153,Tom O'Malley,L,72,180,0.256,13,0.847619047619
1154,Phil Garner,R,70,175,0.26,109,0.666666666667
1155,Larry Pashnick,R,75,205,0.0,0,1.28571428571
1156,Todd Fischer,R,70,170,0.0,0,0.619047619048
